id,time,state
0,0.0,0
1,7.326951,1
2,10.431729,0
3,11.051753,1
4,15.057792,0
5,15.624767,1
