id,time,state
0,0.0,0
1,7.376555,1
2,10.379032,0
3,11.03,1
4,15.092531,0
5,15.655302,1
6,17.88792,0
7,18.188099,1
8,19.362873,0
9,39.077396,1
10,39.70964,0
11,40.335873,1
