id,time,state
0,5.269812,1
1,23.15262,0
2,24.733877,1
3,48.73071,0
