id,time,state
0,0.0,0
1,7.3420916,1
2,10.377213,0
3,11.088282,1
4,15.412895,0
5,16.753136,1
6,16.819506,0
7,17.008194,1
8,17.512138,0
9,17.586363,1
10,17.885384,0
11,18.222256,1
12,19.37455,0
13,39.081844,1
14,39.711044,0
15,40.352997,1
16,44.35869,0
17,46.85481,1
18,47.892998,0
19,48.1313,1
20,48.73241,0
21,93.12987,1
22,97.16452,0
23,99.051155,1
24,99.59086,0
25,99.623856,1
26,99.90856,0
27,102.628624,1
28,106.66098,0
29,129.80815,1
30,137.91489,0
31,138.14664,1
32,144.19643,0
33,144.9266,1
