id,time,state
0,0.0,0
1,5.854903,1
2,5.9203644,0
3,7.3560567,1
4,10.387612,0
5,11.044988,1
6,15.05873,0
7,15.660326,1
8,17.893854,0
9,18.192831,1
10,19.360447,0
