id,time,state
0,0.0,0
1,2.7000232,1
2,2.859645,0
3,3.2275972,1
4,3.6641684,0
5,3.7108295,1
6,3.7436619,0
7,4.038898,1
8,4.3806853,0
9,7.3537607,1
10,10.414261,0
11,11.049325,1
