id,time,state
0,0.0,0
1,7.3336177,1
2,10.406947,0
3,11.0655575,1
4,15.071054,0
5,15.634906,1
6,17.873941,0
7,18.208862,1
