id,time,state
0,7.0193286,1
1,28.00979,0
